_TYPE_,_FREQ_,avg_night_temp,help_merge,mse,se,lwr,upr
0,96,68.105179307,1,0.0020778526,0.0911669376,67.926495393,68.283863221
