avg_night_temp,se,lwr,upr
68.105179307,0.0911669376,67.926495393,68.283863221
